Booking_ID,no_of_adults,no_of_children,no_of_weekend_nights,no_of_week_nights,type_of_meal_plan,required_car_parking_space,room_type_reserved,lead_time,arrival_year,arrival_month,arrival_date,market_segment_type,repeated_guest,no_of_previous_cancellations,no_of_previous_bookings_not_canceled,no_of_special_requests,booking_status,label_avg_price_per_room
INN00001,2,0,1,2,Meal Plan 1,0,Room_Type 1,224,2017,10,2,Offline,0,0,0,0,Not_Canceled,1
INN00002,2,0,2,3,Not Selected,0,Room_Type 1,5,2018,11,6,Online,0,0,0,1,Not_Canceled,2
INN00003,1,0,2,1,Meal Plan 1,0,Room_Type 1,1,2018,2,28,Online,0,0,0,0,Canceled,1
INN00004,2,0,0,2,Meal Plan 1,0,Room_Type 1,211,2018,5,20,Online,0,0,0,0,Canceled,2
INN00005,2,0,1,1,Not Selected,0,Room_Type 1,48,2018,4,11,Online,0,0,0,0,Canceled,2
INN00006,2,0,0,2,Meal Plan 2,0,Room_Type 1,346,2018,9,13,Online,0,0,0,1,Canceled,3
INN00007,2,0,1,3,Meal Plan 1,0,Room_Type 1,34,2017,10,15,Online,0,0,0,1,Not_Canceled,2
INN00008,2,0,1,3,Meal Plan 1,0,Room_Type 4,83,2018,12,26,Online,0,0,0,1,Not_Canceled,2
INN00009,3,0,0,4,Meal Plan 1,0,Room_Type 1,121,2018,7,6,Offline,0,0,0,1,Not_Canceled,2
INN00010,2,0,0,5,Meal Plan 1,0,Room_Type 4,44,2018,10,18,Online,0,0,0,3,Not_Canceled,3
INN00011,1,0,1,0,Not Selected,0,Room_Type 1,0,2018,9,11,Online,0,0,0,0,Not_Canceled,2
INN00012,1,0,2,1,Meal Plan 1,0,Room_Type 4,35,2018,4,30,Online,0,0,0,1,Not_Canceled,3
INN00013,2,0,2,1,Not Selected,0,Room_Type 1,30,2018,11,26,Online,0,0,0,0,Canceled,2
INN00014,1,0,2,0,Meal Plan 1,0,Room_Type 1,95,2018,11,20,Online,0,0,0,2,Canceled,2
INN00015,2,0,0,2,Meal Plan 1,0,Room_Type 1,47,2017,10,20,Online,0,0,0,2,Not_Canceled,2
INN00016,2,0,0,2,Meal Plan 2,0,Room_Type 1,256,2018,6,15,Online,0,0,0,1,Canceled,3
INN00017,1,0,1,0,Meal Plan 1,0,Room_Type 1,0,2017,10,5,Offline,0,0,0,0,Not_Canceled,2
INN00018,2,0,1,3,Not Selected,0,Room_Type 1,1,2017,8,10,Online,0,0,0,1,Not_Canceled,2
INN00019,2,0,2,2,Meal Plan 1,0,Room_Type 1,99,2017,10,30,Online,0,0,0,0,Canceled,1
INN00020,2,0,1,0,Meal Plan 1,0,Room_Type 1,12,2017,10,4,Offline,0,0,0,0,Not_Canceled,1
INN00021,2,0,2,2,Meal Plan 1,0,Room_Type 1,99,2017,10,30,Online,0,0,0,0,Canceled,1
INN00022,1,0,0,1,Meal Plan 1,0,Room_Type 1,122,2018,11,25,Corporate,0,0,0,0,Not_Canceled,1
INN00023,2,0,2,4,Meal Plan 1,0,Room_Type 1,2,2018,3,20,Offline,0,0,0,0,Not_Canceled,1
INN00024,2,0,0,3,Meal Plan 1,0,Room_Type 1,37,2018,10,13,Offline,0,0,0,0,Not_Canceled,2
INN00025,2,0,2,1,Not Selected,0,Room_Type 1,130,2018,5,22,Online,0,0,0,1,Not_Canceled,2
INN00026,2,0,0,2,Meal Plan 1,0,Room_Type 1,99,2018,4,28,Online,0,0,0,1,Not_Canceled,2
INN00027,2,0,1,1,Meal Plan 1,0,Room_Type 1,60,2017,9,21,Offline,0,0,0,0,Not_Canceled,1
INN00028,1,0,0,2,Meal Plan 1,0,Room_Type 4,2,2018,5,19,Aviation,0,0,0,0,Canceled,2
INN00029,1,0,1,2,Meal Plan 1,0,Room_Type 1,37,2017,11,6,Online,0,0,0,0,Canceled,1
INN00030,2,0,0,2,Meal Plan 2,0,Room_Type 1,56,2017,9,17,Offline,0,0,0,0,Not_Canceled,1
INN00031,2,0,1,1,Meal Plan 1,0,Room_Type 4,3,2017,9,19,Online,0,0,0,1,Not_Canceled,3
INN00032,2,0,2,2,Meal Plan 1,0,Room_Type 1,107,2018,11,13,Online,0,0,0,1,Not_Canceled,2
INN00033,0,2,0,3,Meal Plan 1,0,Room_Type 2,56,2018,12,7,Online,0,0,0,1,Not_Canceled,1
INN00034,2,0,0,1,Not Selected,0,Room_Type 1,2,2018,1,9,Online,0,0,0,1,Not_Canceled,1
INN00035,2,0,0,2,Meal Plan 1,0,Room_Type 1,72,2018,10,7,Offline,0,0,0,0,Not_Canceled,2
INN00036,2,0,0,1,Not Selected,1,Room_Type 1,23,2018,4,27,Online,0,0,0,1,Not_Canceled,3
INN00037,1,0,2,1,Meal Plan 1,0,Room_Type 1,34,2018,6,19,Online,0,0,0,0,Canceled,1
INN00038,2,0,0,1,Meal Plan 1,0,Room_Type 1,289,2017,10,17,Offline,0,0,0,0,Not_Canceled,1
INN00039,2,0,2,3,Not Selected,0,Room_Type 1,247,2018,11,19,Online,0,0,0,0,Canceled,1
INN00040,2,0,2,1,Meal Plan 1,0,Room_Type 4,186,2018,7,30,Online,0,0,0,1,Canceled,3
INN00041,2,0,0,4,Meal Plan 1,0,Room_Type 1,64,2018,11,1,Online,0,0,0,2,Not_Canceled,2
INN00042,2,0,0,2,Meal Plan 1,0,Room_Type 1,35,2018,6,21,Online,0,0,0,1,Not_Canceled,2
INN00043,3,0,2,1,Meal Plan 1,0,Room_Type 1,96,2018,4,10,Online,0,0,0,1,Not_Canceled,3
INN00044,2,0,1,1,Not Selected,0,Room_Type 1,41,2018,6,27,Online,0,0,0,1,Canceled,2
INN00045,2,0,0,4,Meal Plan 1,0,Room_Type 4,55,2017,11,18,Offline,0,0,0,1,Not_Canceled,1
INN00046,2,0,0,3,Meal Plan 1,0,Room_Type 1,146,2017,12,29,Offline,0,0,0,0,Not_Canceled,1
INN00047,1,0,0,2,Meal Plan 1,0,Room_Type 1,32,2017,11,20,Offline,0,0,0,0,Not_Canceled,1
INN00048,2,0,0,1,Meal Plan 2,0,Room_Type 1,55,2018,4,6,Offline,0,0,0,0,Not_Canceled,2
INN00049,2,0,0,4,Not Selected,0,Room_Type 1,57,2018,11,1,Online,0,0,0,1,Not_Canceled,1
INN00050,1,0,1,3,Meal Plan 1,0,Room_Type 4,7,2018,12,29,Online,0,0,0,2,Not_Canceled,3
INN00051,1,0,2,5,Not Selected,0,Room_Type 1,124,2018,5,30,Online,0,0,0,0,Not_Canceled,2
INN00052,2,0,2,2,Meal Plan 2,0,Room_Type 1,169,2018,4,22,Online,0,0,0,0,Canceled,2
INN00053,1,0,1,2,Meal Plan 1,0,Room_Type 1,6,2018,5,16,Online,0,0,0,1,Not_Canceled,3
INN00054,2,0,0,4,Meal Plan 1,0,Room_Type 4,51,2017,11,11,Offline,0,0,0,1,Not_Canceled,1
INN00055,2,0,1,0,Not Selected,0,Room_Type 1,13,2018,6,13,Online,0,0,0,2,Not_Canceled,2
INN00056,2,0,1,3,Meal Plan 1,0,Room_Type 1,100,2018,5,19,Online,0,0,0,1,Not_Canceled,3
INN00057,2,0,0,1,Not Selected,0,Room_Type 1,139,2018,7,28,Online,0,0,0,1,Not_Canceled,2
INN00058,2,0,1,2,Meal Plan 1,0,Room_Type 1,117,2018,12,26,Online,0,0,0,2,Not_Canceled,2
INN00059,2,0,1,4,Meal Plan 1,0,Room_Type 4,39,2018,4,20,Online,0,0,0,0,Canceled,3
INN00060,2,0,0,3,Meal Plan 1,0,Room_Type 4,86,2018,4,6,Online,0,0,0,1,Not_Canceled,2
INN00061,2,2,0,1,Meal Plan 1,1,Room_Type 6,2,2018,9,2,Online,0,0,0,1,Not_Canceled,3
INN00062,1,0,0,3,Meal Plan 1,0,Room_Type 4,19,2018,5,3,Online,0,0,0,2,Not_Canceled,3
INN00063,1,0,0,2,Meal Plan 1,0,Room_Type 1,192,2018,6,24,Offline,0,0,0,0,Not_Canceled,2
INN00064,1,0,0,1,Meal Plan 1,0,Room_Type 1,2,2017,9,10,Complementary,0,0,0,1,Not_Canceled,1
INN00065,2,0,2,1,Meal Plan 1,0,Room_Type 1,86,2018,12,18,Offline,0,0,0,0,Not_Canceled,1
INN00066,2,0,0,3,Meal Plan 1,0,Room_Type 4,30,2018,10,5,Online,0,0,0,2,Not_Canceled,3
INN00067,2,0,0,2,Meal Plan 1,0,Room_Type 4,179,2018,6,3,Online,0,0,0,1,Not_Canceled,2
INN00068,2,0,0,2,Meal Plan 1,0,Room_Type 4,26,2018,4,15,Online,0,0,0,0,Canceled,3
INN00069,2,0,0,1,Meal Plan 1,0,Room_Type 1,55,2018,4,6,Offline,0,0,0,0,Not_Canceled,1
INN00070,2,0,1,2,Meal Plan 1,0,Room_Type 1,74,2018,4,25,Online,0,0,0,1,Not_Canceled,2
INN00071,2,0,0,3,Meal Plan 1,0,Room_Type 1,143,2018,8,25,Offline,0,0,0,0,Not_Canceled,2
INN00072,2,0,1,0,Not Selected,0,Room_Type 1,34,2018,11,14,Online,0,0,0,2,Not_Canceled,2
INN00073,2,0,1,1,Meal Plan 1,1,Room_Type 1,30,2018,8,29,Online,0,0,0,1,Not_Canceled,3
INN00074,2,0,0,2,Meal Plan 1,0,Room_Type 1,177,2018,6,3,Online,0,0,0,0,Canceled,2
INN00075,2,0,2,3,Meal Plan 1,0,Room_Type 4,34,2017,10,25,Offline,0,0,0,0,Not_Canceled,1
INN00076,2,0,1,4,Meal Plan 1,0,Room_Type 4,18,2018,3,9,Online,0,0,0,1,Not_Canceled,3
INN00077,3,0,1,1,Meal Plan 1,0,Room_Type 4,267,2018,12,31,Online,0,0,0,0,Not_Canceled,3
INN00078,2,0,1,2,Meal Plan 1,0,Room_Type 1,64,2018,6,27,Online,0,0,0,1,Not_Canceled,2
INN00079,3,0,2,5,Meal Plan 1,0,Room_Type 4,155,2018,6,28,Online,0,0,0,2,Canceled,3
INN00080,2,0,0,5,Meal Plan 1,0,Room_Type 1,46,2018,3,29,Offline,0,0,0,1,Not_Canceled,1
INN00081,2,2,0,2,Meal Plan 1,0,Room_Type 6,83,2018,4,1,Online,0,0,0,0,Canceled,3
INN00082,2,0,0,5,Meal Plan 1,0,Room_Type 4,128,2018,10,11,Online,0,0,0,0,Canceled,3
INN00083,2,0,2,0,Not Selected,0,Room_Type 1,20,2018,12,25,Online,0,0,0,2,Not_Canceled,2
INN00084,2,0,1,4,Meal Plan 1,0,Room_Type 4,40,2018,3,14,Online,0,0,0,0,Not_Canceled,2
INN00085,2,0,1,2,Meal Plan 1,1,Room_Type 4,46,2018,3,4,Online,0,0,0,1,Not_Canceled,2
INN00086,1,0,1,0,Meal Plan 1,0,Room_Type 1,1,2018,10,17,Online,0,0,0,2,Not_Canceled,3
INN00087,2,0,2,3,Not Selected,0,Room_Type 1,196,2018,9,4,Online,0,0,0,1,Not_Canceled,2
INN00088,1,0,0,2,Meal Plan 1,0,Room_Type 1,188,2018,6,15,Online,0,0,0,0,Canceled,3
INN00089,2,0,0,1,Not Selected,0,Room_Type 1,17,2018,12,10,Online,1,0,5,0,Not_Canceled,2
INN00090,2,0,0,3,Meal Plan 1,0,Room_Type 5,146,2018,8,9,Offline,0,0,0,0,Not_Canceled,2
INN00091,2,0,1,3,Not Selected,0,Room_Type 1,110,2018,5,5,Online,0,0,0,1,Not_Canceled,2
INN00092,2,0,1,2,Meal Plan 1,1,Room_Type 1,68,2018,3,18,Online,0,0,0,0,Not_Canceled,2
INN00093,2,0,2,1,Meal Plan 1,0,Room_Type 4,73,2018,4,9,Online,0,0,0,1,Not_Canceled,3
INN00094,2,0,0,1,Meal Plan 1,0,Room_Type 4,92,2018,5,19,Online,0,0,0,1,Not_Canceled,3
INN00095,2,0,2,5,Meal Plan 1,0,Room_Type 1,171,2018,8,30,Online,0,0,0,0,Canceled,2
INN00096,2,1,0,2,Meal Plan 1,1,Room_Type 1,134,2018,8,4,Online,0,0,0,2,Not_Canceled,3
INN00097,2,0,0,2,Meal Plan 2,0,Room_Type 1,320,2018,8,18,Online,0,0,0,1,Canceled,3
INN00098,2,0,0,4,Meal Plan 1,0,Room_Type 1,118,2018,4,13,Online,0,0,0,1,Not_Canceled,2
INN00099,2,0,0,3,Meal Plan 1,0,Room_Type 1,30,2018,11,17,Online,0,0,0,1,Not_Canceled,1
INN00100,2,2,1,3,Meal Plan 1,0,Room_Type 6,30,2018,12,22,Online,0,0,0,0,Not_Canceled,3
INN00101,2,0,1,0,Not Selected,0,Room_Type 1,189,2018,10,23,Online,0,0,0,2,Not_Canceled,2
INN00102,3,0,1,2,Meal Plan 1,0,Room_Type 4,55,2018,5,13,Online,0,0,0,2,Not_Canceled,3
INN00103,1,0,0,4,Meal Plan 1,0,Room_Type 1,55,2018,12,13,Online,0,0,0,2,Not_Canceled,1
INN00104,2,0,0,1,Meal Plan 1,0,Room_Type 1,16,2017,10,31,Online,0,0,0,1,Not_Canceled,2
INN00105,2,0,0,3,Meal Plan 1,0,Room_Type 1,24,2017,10,8,Online,0,0,0,1,Not_Canceled,2
INN00106,2,0,0,3,Meal Plan 1,0,Room_Type 1,8,2018,2,16,Offline,0,0,0,0,Not_Canceled,1
INN00107,2,0,1,4,Meal Plan 1,1,Room_Type 1,10,2017,11,2,Online,0,0,0,0,Not_Canceled,1
INN00108,2,0,1,3,Meal Plan 1,0,Room_Type 4,0,2017,9,21,Online,0,0,0,1,Not_Canceled,3
INN00109,2,0,0,1,Not Selected,0,Room_Type 1,12,2018,6,30,Online,0,0,0,1,Not_Canceled,2
INN00110,2,0,2,1,Meal Plan 1,0,Room_Type 1,32,2017,9,5,Online,0,0,0,3,Not_Canceled,2
INN00111,2,0,0,2,Meal Plan 1,0,Room_Type 1,182,2018,9,30,Online,0,0,0,2,Canceled,3
INN00112,2,0,1,0,Not Selected,0,Room_Type 1,1,2018,6,27,Online,0,0,0,1,Not_Canceled,3
INN00113,2,0,0,3,Not Selected,0,Room_Type 1,122,2018,6,16,Online,0,0,0,2,Not_Canceled,3
INN00114,2,0,2,3,Meal Plan 1,0,Room_Type 1,40,2018,6,30,Online,0,0,0,1,Not_Canceled,3
INN00115,2,2,2,2,Meal Plan 1,0,Room_Type 2,116,2018,6,26,Online,0,0,0,1,Canceled,3
INN00116,3,0,2,2,Meal Plan 1,1,Room_Type 4,123,2018,8,13,Online,0,0,0,1,Not_Canceled,3
INN00117,3,0,2,5,Meal Plan 1,0,Room_Type 4,40,2018,4,22,Online,0,0,0,0,Canceled,3
INN00118,2,1,2,5,Meal Plan 1,0,Room_Type 1,105,2018,11,12,Online,0,0,0,3,Not_Canceled,2
INN00119,2,0,0,1,Meal Plan 1,0,Room_Type 1,443,2018,4,29,Online,0,0,0,0,Canceled,1
INN00120,2,0,2,3,Meal Plan 1,0,Room_Type 1,2,2017,11,14,Online,0,0,0,1,Not_Canceled,2
INN00121,2,0,0,3,Meal Plan 1,0,Room_Type 1,317,2018,9,1,Online,0,0,0,1,Canceled,2
INN00122,2,0,0,2,Meal Plan 2,0,Room_Type 1,286,2018,9,16,Offline,0,0,0,0,Not_Canceled,1
INN00123,2,0,1,3,Meal Plan 1,0,Room_Type 1,68,2018,3,10,Online,0,0,0,0,Canceled,1
INN00124,2,0,0,3,Meal Plan 1,0,Room_Type 1,148,2018,5,5,Online,0,0,0,0,Not_Canceled,2
INN00125,3,0,2,0,Meal Plan 1,0,Room_Type 4,68,2018,4,24,Online,0,0,0,2,Not_Canceled,3
INN00126,2,0,0,2,Meal Plan 1,0,Room_Type 1,30,2018,3,30,Offline,0,0,0,0,Not_Canceled,2
INN00127,1,0,0,1,Meal Plan 1,0,Room_Type 1,14,2018,11,3,Online,0,0,0,1,Canceled,2
INN00128,2,2,0,2,Meal Plan 1,0,Room_Type 6,110,2018,10,14,Online,0,0,0,0,Canceled,3
INN00129,1,0,2,3,Meal Plan 1,0,Room_Type 1,117,2018,6,5,Offline,0,0,0,0,Not_Canceled,2
INN00130,2,0,1,4,Meal Plan 1,0,Room_Type 4,85,2018,7,13,Online,0,0,0,1,Not_Canceled,2
INN00131,2,0,0,2,Not Selected,0,Room_Type 1,1,2018,10,20,Online,0,0,0,2,Not_Canceled,3
INN00132,1,0,1,2,Meal Plan 1,0,Room_Type 1,25,2018,10,17,Online,0,0,0,2,Not_Canceled,3
INN00133,2,0,2,4,Not Selected,0,Room_Type 1,289,2018,12,28,Online,0,0,0,2,Canceled,1
INN00134,2,0,1,4,Meal Plan 1,0,Room_Type 4,28,2017,10,19,Offline,0,0,0,0,Not_Canceled,1
INN00135,1,0,0,4,Not Selected,0,Room_Type 1,80,2018,3,29,Online,0,0,0,0,Not_Canceled,1
INN00136,2,0,0,1,Meal Plan 1,0,Room_Type 4,11,2017,10,9,Online,0,0,0,2,Not_Canceled,3
INN00137,2,1,1,0,Meal Plan 1,0,Room_Type 1,162,2018,7,25,Online,0,0,0,2,Canceled,3
INN00138,2,0,2,5,Meal Plan 1,0,Room_Type 1,155,2018,6,28,Online,0,0,0,2,Not_Canceled,2
INN00139,1,0,2,2,Meal Plan 1,0,Room_Type 1,82,2018,5,22,Online,0,0,0,0,Not_Canceled,2
INN00140,3,0,2,4,Meal Plan 1,0,Room_Type 4,27,2018,4,15,Online,0,0,0,0,Canceled,3
INN00141,1,0,1,2,Meal Plan 1,0,Room_Type 1,13,2018,5,9,Offline,0,0,0,0,Not_Canceled,2
INN00142,2,0,0,2,Meal Plan 1,0,Room_Type 1,245,2018,6,17,Online,0,0,0,0,Canceled,1
INN00143,2,0,0,2,Meal Plan 1,0,Room_Type 1,11,2018,11,18,Online,0,0,0,1,Canceled,2
INN00144,2,0,2,2,Meal Plan 1,0,Room_Type 1,266,2018,10,30,Online,0,0,0,2,Not_Canceled,2
INN00145,2,0,1,0,Meal Plan 1,0,Room_Type 1,39,2018,3,28,Online,0,0,0,1,Not_Canceled,3
INN00146,1,0,0,2,Meal Plan 1,0,Room_Type 1,13,2018,6,1,Complementary,1,3,5,1,Not_Canceled,1
INN00147,2,0,0,4,Not Selected,0,Room_Type 1,112,2018,5,4,Online,0,0,0,1,Not_Canceled,2
INN00148,2,0,1,2,Not Selected,0,Room_Type 1,88,2018,4,8,Online,0,0,0,1,Not_Canceled,1
INN00149,2,0,0,1,Meal Plan 1,0,Room_Type 1,56,2018,6,8,Offline,0,0,0,0,Not_Canceled,3
INN00150,2,0,2,3,Meal Plan 1,0,Room_Type 4,73,2018,4,7,Online,0,0,0,0,Canceled,2
INN00151,2,0,1,1,Meal Plan 1,0,Room_Type 1,80,2018,5,2,Online,0,0,0,1,Not_Canceled,3
INN00152,2,0,0,3,Meal Plan 1,0,Room_Type 4,130,2018,9,29,Online,0,0,0,2,Canceled,3
INN00153,2,0,1,3,Not Selected,0,Room_Type 1,69,2018,4,4,Online,0,0,0,1,Not_Canceled,1
INN00154,2,0,0,2,Meal Plan 2,0,Room_Type 1,273,2017,7,17,Online,0,0,0,0,Canceled,2
INN00155,2,0,0,1,Meal Plan 2,0,Room_Type 1,55,2018,4,6,Offline,0,0,0,0,Not_Canceled,2
INN00156,1,0,0,3,Meal Plan 1,0,Room_Type 1,4,2018,11,1,Corporate,1,1,5,1,Not_Canceled,1
INN00157,2,0,0,3,Meal Plan 1,0,Room_Type 4,97,2018,5,24,Online,0,0,0,0,Not_Canceled,3
INN00158,2,0,0,3,Meal Plan 1,0,Room_Type 1,44,2018,2,17,Offline,0,0,0,0,Not_Canceled,1
INN00159,2,0,0,1,Not Selected,0,Room_Type 1,31,2018,4,14,Online,0,0,0,0,Canceled,2
INN00160,2,0,1,0,Not Selected,0,Room_Type 1,0,2018,6,5,Online,0,0,0,0,Not_Canceled,2
INN00161,2,0,2,2,Meal Plan 1,0,Room_Type 1,62,2018,11,12,Online,0,0,0,2,Not_Canceled,2
INN00162,2,0,2,2,Meal Plan 1,0,Room_Type 4,86,2018,4,17,Online,0,0,0,1,Not_Canceled,2
INN00163,3,0,2,2,Meal Plan 1,0,Room_Type 7,3,2018,10,7,Online,0,0,0,1,Not_Canceled,3
INN00164,2,0,1,1,Not Selected,0,Room_Type 1,197,2018,8,1,Online,0,0,0,1,Not_Canceled,2
INN00165,2,0,0,2,Meal Plan 1,0,Room_Type 1,143,2018,7,12,Online,0,0,0,2,Not_Canceled,2
INN00166,1,0,2,1,Meal Plan 2,0,Room_Type 1,23,2018,1,2,Online,0,0,0,0,Not_Canceled,1
INN00167,2,0,0,2,Meal Plan 1,0,Room_Type 4,8,2018,6,15,Online,0,0,0,0,Canceled,3
INN00168,1,0,0,2,Meal Plan 1,0,Room_Type 1,13,2018,11,16,Online,0,0,0,1,Not_Canceled,1
INN00169,2,0,1,2,Meal Plan 1,0,Room_Type 1,280,2018,9,19,Online,0,0,0,0,Canceled,2
INN00170,2,1,1,0,Not Selected,0,Room_Type 1,11,2017,9,13,Online,0,0,0,1,Not_Canceled,2
INN00171,2,0,0,2,Meal Plan 1,0,Room_Type 1,317,2018,9,15,Online,0,0,0,0,Canceled,3
INN00172,2,0,1,2,Not Selected,0,Room_Type 1,185,2018,12,16,Online,0,0,0,0,Canceled,1
INN00173,2,0,1,3,Meal Plan 1,0,Room_Type 1,160,2018,6,30,Online,0,0,0,1,Not_Canceled,2
INN00174,2,0,0,4,Meal Plan 1,0,Room_Type 1,104,2018,10,18,Online,0,0,0,1,Not_Canceled,2
INN00175,2,1,0,1,Meal Plan 1,0,Room_Type 1,11,2018,11,5,Online,0,0,0,1,Canceled,3
INN00176,2,0,0,1,Not Selected,0,Room_Type 1,2,2018,3,22,Online,0,0,0,0,Not_Canceled,2
INN00177,2,0,1,4,Not Selected,0,Room_Type 1,14,2018,8,17,Online,0,0,0,1,Not_Canceled,2
INN00178,2,0,0,2,Meal Plan 1,0,Room_Type 1,22,2018,5,20,Offline,0,0,0,0,Not_Canceled,3
INN00179,1,1,2,5,Not Selected,0,Room_Type 1,37,2017,10,24,Online,0,0,0,0,Not_Canceled,2
INN00180,2,0,0,2,Meal Plan 2,0,Room_Type 1,292,2018,7,21,Online,0,0,0,0,Canceled,3
INN00181,2,0,0,3,Meal Plan 1,0,Room_Type 1,11,2017,9,9,Online,0,0,0,1,Not_Canceled,1
INN00182,2,0,1,3,Meal Plan 1,0,Room_Type 1,86,2018,3,31,Online,0,0,0,1,Not_Canceled,1
INN00183,2,0,0,1,Not Selected,0,Room_Type 1,109,2018,10,11,Online,0,0,0,0,Canceled,2
INN00184,2,0,1,1,Meal Plan 1,0,Room_Type 4,72,2018,4,2,Online,0,0,0,1,Not_Canceled,2
INN00185,2,0,1,5,Meal Plan 1,0,Room_Type 1,196,2018,8,22,Online,0,0,0,0,Canceled,2
INN00186,2,0,0,2,Meal Plan 1,0,Room_Type 4,56,2018,5,13,Online,0,0,0,1,Not_Canceled,3
INN00187,2,0,1,3,Meal Plan 1,0,Room_Type 1,189,2018,8,8,Offline,0,0,0,0,Not_Canceled,1
INN00188,2,0,1,4,Meal Plan 1,0,Room_Type 4,126,2018,8,15,Online,0,0,0,0,Not_Canceled,3
INN00189,2,0,2,3,Meal Plan 1,0,Room_Type 1,303,2018,8,19,Online,0,0,0,0,Canceled,1
INN00190,1,0,2,2,Meal Plan 1,0,Room_Type 4,81,2018,11,6,Online,0,0,0,1,Not_Canceled,3
INN00191,2,0,1,2,Meal Plan 1,0,Room_Type 1,54,2018,10,10,Online,0,0,0,0,Canceled,3
INN00192,1,0,0,1,Meal Plan 1,0,Room_Type 1,15,2018,10,6,Online,0,0,0,0,Canceled,3
INN00193,2,0,0,4,Meal Plan 1,0,Room_Type 1,86,2018,4,6,Online,0,0,0,0,Canceled,1
INN00194,2,0,1,2,Meal Plan 2,0,Room_Type 1,161,2018,3,25,Online,0,0,0,0,Canceled,3
INN00195,2,0,4,10,Meal Plan 1,0,Room_Type 4,147,2018,8,3,Online,0,0,0,1,Canceled,3
INN00196,2,0,1,2,Meal Plan 1,0,Room_Type 1,92,2018,5,30,Offline,0,0,0,0,Not_Canceled,2
INN00197,2,0,0,1,Meal Plan 1,0,Room_Type 1,87,2017,9,11,Corporate,0,0,0,0,Canceled,2
INN00198,2,0,2,1,Meal Plan 1,0,Room_Type 1,109,2018,3,20,Offline,0,0,0,0,Not_Canceled,1
INN00199,2,0,0,4,Meal Plan 1,0,Room_Type 1,127,2018,3,23,Offline,0,0,0,2,Not_Canceled,1
INN00200,2,0,1,2,Meal Plan 2,0,Room_Type 1,418,2018,9,26,Online,0,0,0,0,Canceled,2
INN00201,2,0,1,4,Not Selected,0,Room_Type 1,156,2018,8,24,Online,0,0,0,1,Not_Canceled,2
INN00202,2,0,0,2,Meal Plan 1,0,Room_Type 1,80,2017,7,16,Online,0,0,0,1,Canceled,1
INN00203,2,0,2,2,Not Selected,0,Room_Type 1,211,2018,12,16,Online,0,0,0,0,Canceled,1
INN00204,2,0,1,2,Meal Plan 1,0,Room_Type 1,273,2018,5,13,Online,0,0,0,0,Canceled,2
INN00205,2,0,2,1,Meal Plan 1,0,Room_Type 1,58,2018,11,19,Offline,0,0,0,1,Not_Canceled,1
INN00206,2,0,0,3,Meal Plan 1,0,Room_Type 1,433,2018,9,8,Online,0,0,0,0,Canceled,1
INN00207,2,0,1,3,Meal Plan 1,0,Room_Type 1,111,2018,5,2,Online,0,0,0,1,Not_Canceled,2
INN00208,2,0,2,3,Meal Plan 1,0,Room_Type 1,34,2018,8,21,Offline,0,0,0,0,Not_Canceled,1
INN00209,2,0,2,4,Meal Plan 1,0,Room_Type 1,17,2018,12,3,Online,0,0,0,0,Not_Canceled,2
INN00210,1,0,0,0,Meal Plan 1,0,Room_Type 1,4,2018,2,27,Complementary,0,0,0,1,Not_Canceled,1
INN00211,2,0,0,3,Meal Plan 1,0,Room_Type 1,6,2017,9,22,Online,0,0,0,1,Not_Canceled,2
INN00212,2,0,1,1,Meal Plan 1,0,Room_Type 1,32,2018,7,18,Offline,0,0,0,1,Not_Canceled,2
INN00213,2,0,0,1,Meal Plan 1,0,Room_Type 1,4,2017,9,22,Online,0,0,0,2,Not_Canceled,3
INN00214,3,0,2,1,Meal Plan 1,0,Room_Type 1,195,2018,8,13,Online,0,0,0,1,Canceled,2
INN00215,2,0,2,2,Meal Plan 1,0,Room_Type 1,119,2018,8,13,Online,0,0,0,1,Not_Canceled,2
INN00216,1,0,1,1,Not Selected,0,Room_Type 1,13,2018,12,5,Online,0,0,0,0,Not_Canceled,2
INN00217,2,0,0,2,Meal Plan 1,0,Room_Type 1,59,2017,10,15,Online,0,0,0,2,Not_Canceled,2
INN00218,2,1,2,5,Meal Plan 1,0,Room_Type 4,78,2018,3,20,Online,0,0,0,1,Not_Canceled,2
INN00219,2,0,0,3,Meal Plan 1,0,Room_Type 1,335,2018,10,13,Offline,0,0,0,1,Not_Canceled,2
INN00220,2,0,2,5,Meal Plan 1,0,Room_Type 1,103,2017,8,22,Online,0,0,0,0,Not_Canceled,1
INN00221,1,0,0,2,Not Selected,0,Room_Type 1,0,2018,6,8,Online,0,0,0,1,Not_Canceled,2
INN00222,2,0,0,1,Meal Plan 1,0,Room_Type 1,118,2018,3,1,Offline,0,0,0,0,Not_Canceled,2
INN00223,2,0,1,5,Meal Plan 1,0,Room_Type 1,56,2018,9,5,Online,0,0,0,0,Not_Canceled,3
INN00224,2,0,0,2,Meal Plan 1,0,Room_Type 1,107,2018,6,10,Offline,0,0,0,1,Not_Canceled,3
INN00225,2,0,1,3,Not Selected,0,Room_Type 1,70,2018,4,14,Online,0,0,0,1,Not_Canceled,2
INN00226,2,0,0,2,Meal Plan 1,0,Room_Type 1,76,2018,4,1,Online,0,0,0,1,Not_Canceled,2
INN00227,2,2,2,2,Meal Plan 1,0,Room_Type 6,144,2018,5,27,Online,0,0,0,1,Canceled,3
INN00228,1,2,2,2,Meal Plan 1,0,Room_Type 6,4,2017,9,19,Online,0,0,0,2,Not_Canceled,3
INN00229,2,1,0,2,Meal Plan 1,0,Room_Type 1,15,2018,3,18,Online,0,0,0,1,Not_Canceled,3
INN00230,1,0,1,2,Meal Plan 1,0,Room_Type 1,32,2018,2,5,Online,0,0,0,0,Canceled,1
INN00231,3,0,1,1,Meal Plan 1,0,Room_Type 4,49,2018,5,7,Online,0,0,0,0,Canceled,3
INN00232,2,1,1,3,Meal Plan 1,0,Room_Type 1,77,2018,5,12,Online,0,0,0,1,Not_Canceled,3
INN00233,1,0,0,2,Meal Plan 1,0,Room_Type 1,22,2018,10,28,Offline,0,0,0,0,Not_Canceled,2
INN00234,2,0,1,0,Not Selected,0,Room_Type 1,0,2017,10,18,Online,0,0,0,0,Not_Canceled,2
INN00235,2,1,0,1,Meal Plan 1,1,Room_Type 1,58,2018,6,21,Online,0,0,0,1,Not_Canceled,3
INN00236,2,0,2,6,Not Selected,0,Room_Type 1,4,2017,8,14,Online,0,0,0,1,Not_Canceled,2
INN00237,2,0,0,2,Meal Plan 1,0,Room_Type 5,117,2018,4,29,Online,0,0,0,0,Canceled,2
INN00238,2,0,1,3,Meal Plan 1,0,Room_Type 1,36,2018,12,26,Online,0,0,0,0,Canceled,2
INN00239,2,0,2,2,Not Selected,0,Room_Type 1,35,2018,12,2,Online,0,0,0,2,Not_Canceled,1
INN00240,2,0,1,0,Not Selected,0,Room_Type 1,31,2018,4,24,Online,0,0,0,0,Canceled,2
INN00241,2,0,2,4,Not Selected,0,Room_Type 1,79,2018,6,16,Online,0,0,0,0,Not_Canceled,3
INN00242,2,0,1,2,Meal Plan 1,0,Room_Type 1,1,2017,10,9,Online,0,0,0,0,Not_Canceled,3
INN00243,2,0,0,2,Meal Plan 1,0,Room_Type 1,21,2017,9,3,Online,0,0,0,0,Not_Canceled,2
INN00244,2,0,0,2,Not Selected,0,Room_Type 1,12,2018,9,14,Corporate,0,0,0,1,Not_Canceled,2
INN00245,2,0,1,0,Meal Plan 1,0,Room_Type 1,33,2018,2,8,Online,0,0,0,1,Not_Canceled,1
INN00246,1,0,0,2,Meal Plan 1,0,Room_Type 1,164,2017,10,2,Offline,0,0,0,0,Not_Canceled,2
INN00247,2,0,0,3,Meal Plan 1,1,Room_Type 1,78,2018,3,24,Online,0,0,0,1,Not_Canceled,2
INN00248,2,0,0,4,Meal Plan 1,0,Room_Type 4,18,2018,5,31,Online,0,0,0,0,Canceled,2
INN00249,2,0,1,2,Meal Plan 1,0,Room_Type 1,21,2018,8,15,Online,0,0,0,0,Canceled,3
INN00250,1,0,1,3,Meal Plan 1,0,Room_Type 1,0,2017,11,9,Online,0,0,0,1,Not_Canceled,2
INN00251,3,0,2,1,Meal Plan 1,0,Room_Type 4,152,2018,8,13,Online,0,0,0,1,Canceled,3
INN00252,2,0,2,3,Meal Plan 1,0,Room_Type 1,43,2017,10,2,Offline,0,0,0,0,Not_Canceled,1
INN00253,2,0,0,4,Not Selected,0,Room_Type 1,177,2018,7,26,Online,0,0,0,1,Canceled,1
INN00254,2,0,1,1,Not Selected,0,Room_Type 1,47,2018,5,21,Offline,0,0,0,0,Not_Canceled,1
INN00255,3,0,0,3,Meal Plan 1,0,Room_Type 4,57,2018,9,7,Online,0,0,0,0,Not_Canceled,3
INN00256,2,0,2,4,Not Selected,0,Room_Type 1,60,2017,11,15,Online,0,0,0,1,Not_Canceled,1
INN00257,2,0,0,1,Meal Plan 1,0,Room_Type 1,0,2017,9,16,Online,0,0,0,0,Not_Canceled,3
INN00258,2,0,0,2,Meal Plan 2,0,Room_Type 1,102,2017,10,16,Online,0,0,0,0,Canceled,2
INN00259,2,0,0,3,Not Selected,0,Room_Type 1,71,2018,10,18,Online,0,0,0,1,Not_Canceled,2
INN00260,3,0,2,3,Meal Plan 2,0,Room_Type 4,111,2018,7,23,Online,0,0,0,1,Not_Canceled,3
INN00261,3,0,1,1,Meal Plan 1,0,Room_Type 4,1,2018,6,11,Online,0,0,0,3,Not_Canceled,3
INN00262,2,0,1,1,Not Selected,0,Room_Type 1,4,2018,1,16,Online,0,0,0,0,Not_Canceled,1
INN00263,2,0,1,3,Meal Plan 1,0,Room_Type 4,25,2017,9,14,Online,0,0,0,1,Not_Canceled,1
INN00264,1,0,2,2,Meal Plan 1,0,Room_Type 1,209,2018,11,6,Online,0,0,0,1,Canceled,3
INN00265,1,0,2,1,Meal Plan 1,0,Room_Type 1,93,2018,10,15,Online,0,0,0,0,Canceled,3
INN00266,2,0,2,5,Not Selected,0,Room_Type 1,53,2017,9,2,Online,0,0,0,2,Not_Canceled,1
INN00267,1,0,0,2,Meal Plan 1,0,Room_Type 1,1,2017,8,12,Complementary,1,0,1,1,Not_Canceled,1
INN00268,1,0,2,1,Meal Plan 1,0,Room_Type 1,4,2017,8,23,Complementary,0,0,0,1,Not_Canceled,1
INN00269,2,0,0,3,Meal Plan 1,0,Room_Type 1,302,2018,12,29,Online,0,0,0,2,Canceled,2
INN00270,2,0,0,2,Meal Plan 1,0,Room_Type 1,122,2018,4,15,Offline,0,0,0,0,Not_Canceled,1
INN00271,1,0,0,1,Meal Plan 1,0,Room_Type 1,16,2018,3,11,Corporate,0,0,0,0,Not_Canceled,1
INN00272,2,0,2,4,Meal Plan 1,0,Room_Type 1,28,2018,8,28,Online,0,0,0,1,Canceled,3
INN00273,2,0,1,2,Meal Plan 2,0,Room_Type 1,161,2018,3,25,Online,0,0,0,0,Canceled,3
INN00274,3,0,0,2,Meal Plan 1,0,Room_Type 4,57,2018,12,9,Online,0,0,0,2,Not_Canceled,3
INN00275,2,0,1,0,Meal Plan 1,0,Room_Type 1,19,2018,6,12,Online,0,0,0,1,Not_Canceled,2
INN00276,3,0,2,4,Meal Plan 1,0,Room_Type 4,109,2018,7,6,Online,0,0,0,4,Not_Canceled,3
INN00277,1,0,0,2,Meal Plan 2,0,Room_Type 1,239,2018,6,15,Online,0,0,0,0,Canceled,2
INN00278,1,0,2,1,Meal Plan 1,0,Room_Type 1,33,2018,3,5,Online,0,0,0,2,Not_Canceled,1
INN00279,2,0,0,3,Meal Plan 1,0,Room_Type 1,11,2017,8,18,Online,0,0,0,1,Not_Canceled,2
INN00280,3,0,2,5,Meal Plan 1,0,Room_Type 4,40,2018,4,21,Online,0,0,0,1,Not_Canceled,3
INN00281,3,0,1,1,Meal Plan 1,0,Room_Type 4,45,2018,6,18,Offline,0,0,0,0,Not_Canceled,3
INN00282,2,0,1,3,Not Selected,0,Room_Type 1,41,2018,5,9,Online,0,0,0,0,Canceled,3
INN00283,2,0,0,4,Not Selected,0,Room_Type 1,167,2018,6,28,Online,0,0,0,0,Canceled,1
INN00284,2,0,0,4,Not Selected,0,Room_Type 1,62,2018,3,9,Online,0,0,0,0,Canceled,1
INN00285,1,0,1,4,Meal Plan 1,0,Room_Type 1,113,2018,9,7,Online,0,0,0,0,Canceled,3
INN00286,2,0,0,2,Not Selected,1,Room_Type 1,1,2018,8,10,Online,0,0,0,0,Not_Canceled,3
INN00287,2,2,2,2,Meal Plan 1,0,Room_Type 6,84,2018,5,13,Online,0,0,0,1,Not_Canceled,3
INN00288,0,2,2,2,Meal Plan 1,0,Room_Type 1,68,2018,4,24,Online,0,0,0,1,Canceled,2
INN00289,2,0,0,1,Meal Plan 1,0,Room_Type 2,9,2018,9,7,Complementary,1,0,3,1,Not_Canceled,1
INN00290,3,0,1,2,Meal Plan 1,0,Room_Type 1,245,2018,10,28,Online,0,0,0,0,Canceled,3
INN00291,2,0,1,3,Meal Plan 1,0,Room_Type 1,80,2018,3,17,Online,0,0,0,1,Not_Canceled,1
INN00292,2,0,1,1,Meal Plan 1,0,Room_Type 1,7,2018,8,22,Online,0,0,0,1,Canceled,3
INN00293,2,1,1,1,Meal Plan 1,0,Room_Type 1,128,2017,8,8,Online,0,0,0,2,Not_Canceled,1
INN00294,2,0,2,1,Meal Plan 1,0,Room_Type 1,100,2018,5,1,Online,0,0,0,1,Not_Canceled,2
INN00295,2,0,2,1,Meal Plan 1,0,Room_Type 1,118,2018,4,3,Online,0,0,0,1,Canceled,2
INN00296,1,0,0,3,Meal Plan 1,0,Room_Type 1,166,2018,11,1,Online,0,0,0,0,Canceled,2
INN00297,1,0,0,1,Meal Plan 2,0,Room_Type 1,41,2017,9,4,Offline,0,0,0,0,Not_Canceled,1
INN00298,2,0,2,2,Meal Plan 1,0,Room_Type 1,174,2018,8,13,Online,0,0,0,1,Not_Canceled,2
INN00299,2,1,2,1,Meal Plan 2,0,Room_Type 1,27,2017,12,27,Offline,0,0,0,3,Not_Canceled,2
INN00300,2,0,2,6,Meal Plan 1,0,Room_Type 1,2,2018,11,16,Online,0,0,0,2,Not_Canceled,2
INN00301,1,0,0,3,Meal Plan 1,0,Room_Type 1,37,2018,10,13,Offline,0,0,0,0,Not_Canceled,2
INN00302,1,0,0,2,Meal Plan 1,0,Room_Type 1,188,2018,6,15,Online,0,0,0,0,Canceled,3
INN00303,2,0,2,1,Meal Plan 1,0,Room_Type 1,68,2018,1,2,Offline,1,1,0,1,Not_Canceled,1
INN00304,2,0,1,2,Meal Plan 1,0,Room_Type 4,189,2018,10,28,Online,0,0,0,0,Canceled,2
INN00305,2,0,1,0,Meal Plan 1,0,Room_Type 1,10,2018,5,16,Online,0,0,0,0,Not_Canceled,2
INN00306,3,0,2,1,Meal Plan 1,0,Room_Type 4,19,2018,2,20,Online,0,0,0,1,Not_Canceled,3
INN00307,2,0,0,2,Meal Plan 1,0,Room_Type 1,61,2018,3,23,Online,0,0,0,0,Canceled,3
INN00308,2,0,0,4,Meal Plan 1,0,Room_Type 4,95,2017,12,29,Offline,0,0,0,0,Not_Canceled,1
INN00309,2,0,0,1,Meal Plan 2,0,Room_Type 1,83,2017,9,30,Offline,0,0,0,0,Not_Canceled,2
INN00310,2,0,1,3,Meal Plan 1,0,Room_Type 1,37,2018,8,1,Online,0,0,0,0,Canceled,3
INN00311,2,0,1,0,Meal Plan 1,0,Room_Type 1,19,2018,7,25,Online,0,0,0,1,Canceled,3
INN00312,2,2,0,2,Meal Plan 1,0,Room_Type 6,22,2018,9,16,Online,0,0,0,2,Not_Canceled,3
INN00313,2,0,2,1,Meal Plan 1,0,Room_Type 1,22,2017,12,26,Online,0,0,0,0,Not_Canceled,1
INN00314,2,0,2,5,Meal Plan 1,0,Room_Type 1,151,2018,7,9,Online,0,0,0,0,Canceled,2
INN00315,2,0,2,1,Meal Plan 1,0,Room_Type 1,26,2018,2,28,Offline,0,0,0,0,Not_Canceled,2
INN00316,3,0,1,0,Meal Plan 1,0,Room_Type 4,27,2018,4,17,Online,0,0,0,0,Canceled,3
INN00317,2,0,0,2,Meal Plan 2,0,Room_Type 1,79,2018,6,24,Offline,0,0,0,0,Not_Canceled,2
INN00318,2,0,1,1,Meal Plan 2,0,Room_Type 1,247,2018,6,6,Online,0,0,0,1,Canceled,3
INN00319,2,0,2,3,Meal Plan 1,0,Room_Type 4,189,2018,7,17,Online,0,0,0,1,Not_Canceled,2
INN00320,2,0,0,2,Meal Plan 2,0,Room_Type 1,320,2018,8,18,Online,0,0,0,1,Canceled,3
INN00321,3,0,1,2,Meal Plan 1,0,Room_Type 4,27,2018,2,22,Online,0,0,0,2,Not_Canceled,3
INN00322,1,0,1,0,Meal Plan 1,0,Room_Type 1,51,2018,5,22,Corporate,1,0,3,0,Not_Canceled,1
INN00323,2,0,0,2,Meal Plan 1,0,Room_Type 1,245,2018,6,17,Online,0,0,0,0,Canceled,1
INN00324,2,1,1,2,Meal Plan 1,0,Room_Type 1,52,2018,7,8,Online,0,0,0,0,Canceled,3
INN00325,1,0,2,0,Meal Plan 1,0,Room_Type 1,13,2017,10,18,Online,0,0,0,0,Not_Canceled,3
INN00326,2,0,0,2,Not Selected,0,Room_Type 1,46,2018,11,11,Online,0,0,0,1,Canceled,1
INN00327,3,0,2,1,Meal Plan 1,0,Room_Type 4,84,2018,8,28,Online,0,0,0,0,Canceled,3
INN00328,1,0,0,2,Meal Plan 1,0,Room_Type 1,188,2018,6,15,Online,0,0,0,0,Canceled,3
INN00329,2,0,0,3,Meal Plan 1,0,Room_Type 1,19,2017,10,6,Offline,1,1,0,0,Not_Canceled,2
INN00330,2,0,0,2,Meal Plan 1,0,Room_Type 4,67,2018,5,27,Online,0,0,0,1,Not_Canceled,3
INN00331,2,0,0,1,Meal Plan 1,0,Room_Type 1,0,2017,8,11,Online,0,0,0,0,Not_Canceled,1
INN00332,2,0,0,2,Meal Plan 2,0,Room_Type 1,273,2017,7,17,Online,0,0,0,0,Canceled,2
INN00333,2,0,2,1,Meal Plan 2,0,Room_Type 1,110,2017,7,25,Online,0,0,0,0,Canceled,2
INN00334,1,0,0,1,Meal Plan 1,0,Room_Type 1,0,2017,12,15,Corporate,1,0,1,0,Not_Canceled,1
INN00335,2,0,1,2,Meal Plan 1,0,Room_Type 4,32,2017,10,23,Offline,0,0,0,1,Not_Canceled,1
INN00336,2,0,2,1,Meal Plan 1,0,Room_Type 1,282,2017,10,10,Offline,0,0,0,0,Not_Canceled,1
INN00337,2,0,2,2,Meal Plan 1,0,Room_Type 1,38,2018,10,2,Online,0,0,0,0,Not_Canceled,3
INN00338,2,0,1,1,Not Selected,0,Room_Type 1,175,2018,7,23,Online,0,0,0,1,Not_Canceled,2
INN00339,2,0,0,3,Meal Plan 1,0,Room_Type 4,143,2018,8,18,Online,0,0,0,0,Canceled,3
INN00340,2,0,2,2,Meal Plan 1,0,Room_Type 4,127,2018,6,26,Online,0,0,0,1,Not_Canceled,2
INN00341,1,0,0,1,Meal Plan 1,0,Room_Type 1,0,2017,9,8,Online,0,0,0,0,Not_Canceled,3
INN00342,2,1,2,5,Meal Plan 1,0,Room_Type 1,95,2018,12,21,Online,0,0,0,3,Not_Canceled,2
INN00343,1,0,1,2,Meal Plan 1,0,Room_Type 1,118,2018,6,6,Offline,0,0,0,0,Not_Canceled,2
INN00344,2,0,0,3,Meal Plan 1,0,Room_Type 1,45,2018,11,10,Offline,0,0,0,0,Not_Canceled,1
INN00345,3,0,1,1,Meal Plan 1,0,Room_Type 4,69,2018,7,25,Online,0,0,0,0,Not_Canceled,3
INN00346,2,0,0,1,Not Selected,0,Room_Type 1,57,2018,9,7,Online,0,0,0,3,Not_Canceled,2
INN00347,1,0,0,2,Meal Plan 1,0,Room_Type 1,5,2018,8,24,Complementary,1,0,4,4,Not_Canceled,1
INN00348,2,0,0,2,Meal Plan 2,0,Room_Type 1,39,2017,8,14,Offline,0,0,0,0,Not_Canceled,2
INN00349,2,0,0,1,Meal Plan 1,0,Room_Type 1,0,2018,2,24,Online,0,0,0,1,Not_Canceled,2
INN00350,3,0,1,1,Meal Plan 1,0,Room_Type 4,89,2018,8,15,Online,0,0,0,1,Not_Canceled,3
INN00351,2,0,0,4,Meal Plan 1,0,Room_Type 1,85,2018,3,29,Online,0,0,0,0,Not_Canceled,1
INN00352,1,0,0,1,Meal Plan 1,1,Room_Type 4,4,2018,7,1,Corporate,1,0,3,1,Not_Canceled,2
INN00353,1,0,2,6,Meal Plan 1,0,Room_Type 1,11,2018,7,5,Online,0,0,0,0,Canceled,3
INN00354,1,0,1,1,Meal Plan 1,0,Room_Type 1,12,2018,7,11,Online,0,0,0,1,Not_Canceled,3
INN00355,2,0,2,2,Meal Plan 1,0,Room_Type 4,77,2018,5,14,Online,0,0,0,1,Not_Canceled,3
INN00356,2,1,1,1,Meal Plan 1,0,Room_Type 6,14,2018,10,22,Online,0,0,0,1,Not_Canceled,3
INN00357,1,0,2,1,Meal Plan 1,0,Room_Type 1,1,2018,2,28,Online,0,0,0,0,Canceled,1
INN00358,2,0,1,3,Meal Plan 1,0,Room_Type 1,133,2018,6,13,Offline,0,0,0,0,Not_Canceled,1
INN00359,2,0,1,2,Meal Plan 1,0,Room_Type 1,3,2017,8,10,Offline,0,0,0,1,Not_Canceled,1
INN00360,2,0,2,0,Meal Plan 1,0,Room_Type 1,19,2018,9,18,Offline,0,0,0,0,Not_Canceled,2
INN00361,2,0,2,2,Meal Plan 1,0,Room_Type 4,86,2018,9,3,Offline,0,0,0,3,Not_Canceled,2
INN00362,2,0,0,2,Meal Plan 1,0,Room_Type 1,23,2017,10,16,Online,0,0,0,2,Not_Canceled,2
INN00363,2,0,0,1,Meal Plan 1,0,Room_Type 1,65,2018,9,22,Online,0,0,0,1,Not_Canceled,3
INN00364,2,0,0,2,Meal Plan 1,0,Room_Type 4,1,2018,11,16,Online,0,0,0,1,Not_Canceled,3
INN00365,2,0,0,1,Meal Plan 1,0,Room_Type 4,66,2017,11,19,Online,0,0,0,2,Not_Canceled,1
INN00366,3,0,1,4,Meal Plan 1,0,Room_Type 1,50,2018,2,22,Online,0,0,0,1,Not_Canceled,1
INN00367,2,0,2,3,Meal Plan 2,0,Room_Type 1,87,2018,6,26,Online,0,0,0,0,Canceled,3
INN00368,2,0,1,1,Meal Plan 1,0,Room_Type 1,159,2018,4,9,Offline,0,0,0,1,Not_Canceled,1
INN00369,2,0,2,3,Meal Plan 2,0,Room_Type 1,39,2018,8,13,Online,0,0,0,2,Not_Canceled,3
INN00370,2,0,2,0,Meal Plan 2,0,Room_Type 1,386,2018,10,23,Online,0,0,0,1,Canceled,3
INN00371,2,2,0,5,Meal Plan 1,0,Room_Type 6,22,2017,12,29,Online,0,0,0,0,Not_Canceled,3
INN00372,2,0,2,2,Meal Plan 1,0,Room_Type 4,102,2018,7,10,Offline,0,0,0,0,Not_Canceled,1
INN00373,4,0,0,3,Meal Plan 1,0,Room_Type 7,86,2018,10,20,Online,0,0,0,1,Not_Canceled,3
INN00374,2,0,2,2,Meal Plan 1,0,Room_Type 1,56,2017,9,25,Offline,0,0,0,0,Not_Canceled,3
INN00375,2,0,2,6,Meal Plan 1,0,Room_Type 1,36,2018,12,10,Online,0,0,0,1,Not_Canceled,1
INN00376,2,0,0,3,Meal Plan 1,0,Room_Type 1,50,2018,10,4,Online,0,0,0,1,Not_Canceled,3
INN00377,2,0,0,2,Meal Plan 1,0,Room_Type 4,115,2018,10,27,Online,0,0,0,0,Canceled,2
INN00378,1,0,0,1,Meal Plan 1,0,Room_Type 1,0,2018,3,23,Corporate,1,0,12,0,Not_Canceled,1
INN00379,2,0,1,3,Not Selected,0,Room_Type 1,35,2018,3,3,Online,0,0,0,0,Canceled,1
INN00380,2,0,2,1,Meal Plan 1,0,Room_Type 1,17,2018,5,21,Offline,0,0,0,0,Not_Canceled,2
INN00381,2,0,4,11,Meal Plan 1,0,Room_Type 4,237,2018,9,13,Online,0,0,0,1,Canceled,3
INN00382,2,0,0,4,Meal Plan 1,0,Room_Type 1,125,2018,9,7,Online,0,0,0,2,Not_Canceled,3
INN00383,2,2,2,2,Meal Plan 1,0,Room_Type 6,32,2018,12,2,Online,0,0,0,0,Canceled,3
INN00384,2,0,2,0,Not Selected,0,Room_Type 1,5,2018,9,18,Offline,0,0,0,0,Not_Canceled,3
INN00385,2,0,2,1,Meal Plan 1,0,Room_Type 1,91,2018,6,19,Online,0,0,0,0,Canceled,3
INN00386,2,0,0,2,Meal Plan 2,0,Room_Type 1,102,2017,10,16,Offline,0,0,0,0,Not_Canceled,2
INN00387,3,0,2,1,Meal Plan 1,0,Room_Type 4,9,2018,3,20,Online,0,0,0,1,Not_Canceled,3
INN00388,3,0,1,3,Meal Plan 1,0,Room_Type 4,155,2018,12,26,Online,0,0,0,1,Canceled,3
INN00389,2,2,0,1,Meal Plan 1,0,Room_Type 6,0,2018,5,14,Online,0,0,0,0,Canceled,3
INN00390,1,0,0,3,Meal Plan 1,0,Room_Type 1,11,2017,9,15,Corporate,0,0,0,0,Not_Canceled,1
INN00391,1,0,0,1,Meal Plan 1,0,Room_Type 1,0,2018,2,19,Corporate,0,0,0,0,Not_Canceled,1
INN00392,2,1,1,4,Meal Plan 1,0,Room_Type 1,86,2018,3,23,Offline,0,0,0,0,Not_Canceled,1
INN00393,1,0,0,1,Meal Plan 1,1,Room_Type 1,18,2018,10,18,Corporate,1,3,19,0,Not_Canceled,1
INN00394,2,0,0,2,Meal Plan 1,0,Room_Type 1,58,2018,3,4,Online,0,0,0,1,Not_Canceled,1
INN00395,2,0,2,1,Not Selected,0,Room_Type 1,54,2018,4,30,Offline,0,0,0,0,Not_Canceled,1
INN00396,2,1,2,3,Meal Plan 1,0,Room_Type 1,25,2018,7,23,Online,0,0,0,1,Canceled,3
INN00397,2,0,0,2,Meal Plan 1,0,Room_Type 1,107,2017,9,9,Online,0,0,0,1,Not_Canceled,2
INN00398,1,0,0,4,Meal Plan 2,0,Room_Type 1,100,2018,9,28,Offline,0,0,0,0,Not_Canceled,2
INN00399,2,0,1,2,Meal Plan 1,0,Room_Type 1,273,2018,5,13,Online,0,0,0,0,Canceled,2
INN00400,2,0,0,1,Not Selected,0,Room_Type 1,29,2018,3,18,Online,0,0,0,0,Not_Canceled,1
INN00401,2,0,0,1,Meal Plan 1,0,Room_Type 1,221,2018,8,12,Online,0,0,0,0,Canceled,1
INN00402,2,0,2,2,Meal Plan 1,0,Room_Type 1,213,2018,10,1,Online,0,0,0,2,Canceled,2
INN00403,2,0,1,2,Meal Plan 1,0,Room_Type 1,198,2018,9,9,Online,0,0,0,0,Canceled,2
INN00404,2,0,1,2,Meal Plan 1,0,Room_Type 2,81,2018,1,29,Online,0,0,0,2,Not_Canceled,1
INN00405,2,0,0,1,Not Selected,0,Room_Type 1,23,2018,4,8,Online,0,0,0,0,Not_Canceled,2
INN00406,2,0,0,3,Meal Plan 1,0,Room_Type 1,26,2017,9,17,Online,0,0,0,1,Canceled,3
INN00407,2,0,2,1,Meal Plan 1,0,Room_Type 1,20,2018,6,18,Online,0,0,0,1,Not_Canceled,3
INN00408,2,1,1,3,Meal Plan 1,0,Room_Type 6,124,2018,12,26,Online,0,0,0,2,Canceled,3
INN00409,3,0,0,3,Meal Plan 1,0,Room_Type 4,85,2018,8,3,Online,0,0,0,0,Canceled,3
INN00410,2,0,0,1,Meal Plan 1,0,Room_Type 1,167,2018,8,6,Online,0,0,0,0,Canceled,2
INN00411,2,0,1,3,Meal Plan 1,0,Room_Type 1,71,2018,5,30,Online,0,0,0,1,Not_Canceled,3
INN00412,2,0,0,2,Meal Plan 1,0,Room_Type 1,48,2018,11,4,Online,0,0,0,2,Not_Canceled,2
INN00413,1,0,0,1,Not Selected,0,Room_Type 1,37,2018,5,13,Online,0,0,0,0,Not_Canceled,3
INN00414,3,0,2,2,Meal Plan 1,0,Room_Type 4,76,2018,5,29,Online,0,0,0,0,Canceled,3
INN00415,1,0,0,1,Meal Plan 1,0,Room_Type 1,13,2018,1,20,Offline,0,0,0,0,Not_Canceled,1
INN00416,1,0,1,0,Meal Plan 1,0,Room_Type 1,3,2018,6,27,Complementary,0,0,0,0,Not_Canceled,1
INN00417,2,0,1,2,Meal Plan 1,0,Room_Type 4,75,2017,12,7,Offline,0,0,0,0,Not_Canceled,1
INN00418,1,0,0,1,Meal Plan 1,0,Room_Type 1,5,2018,4,5,Corporate,1,0,1,1,Not_Canceled,2
INN00419,2,0,2,0,Meal Plan 2,0,Room_Type 1,386,2018,10,23,Online,0,0,0,1,Canceled,3
INN00420,2,0,1,1,Meal Plan 1,0,Room_Type 1,180,2018,5,2,Offline,0,0,0,1,Not_Canceled,2
INN00421,2,0,1,3,Not Selected,0,Room_Type 1,122,2018,11,14,Online,0,0,0,2,Canceled,1
INN00422,2,0,1,2,Meal Plan 1,0,Room_Type 1,224,2017,10,2,Offline,0,0,0,0,Not_Canceled,1
INN00423,2,0,2,2,Meal Plan 1,0,Room_Type 1,24,2018,5,29,Online,0,0,0,2,Not_Canceled,2
INN00424,1,0,2,2,Meal Plan 1,0,Room_Type 1,162,2018,10,14,Online,0,0,0,0,Canceled,3
INN00425,3,0,1,1,Meal Plan 1,0,Room_Type 4,25,2018,7,2,Online,0,0,0,0,Canceled,3
INN00426,1,0,0,1,Meal Plan 1,0,Room_Type 1,1,2018,8,4,Online,0,0,0,0,Not_Canceled,3
INN00427,2,0,0,4,Not Selected,0,Room_Type 1,236,2018,9,27,Online,0,0,0,1,Canceled,1
INN00428,2,0,2,3,Meal Plan 1,0,Room_Type 1,120,2018,4,8,Online,0,0,0,0,Canceled,2
INN00429,2,0,1,3,Meal Plan 2,1,Room_Type 4,12,2018,3,24,Online,0,0,0,1,Not_Canceled,3
INN00430,2,0,2,4,Meal Plan 1,0,Room_Type 1,224,2018,9,3,Online,0,0,0,1,Canceled,2
INN00431,1,0,0,4,Meal Plan 2,0,Room_Type 1,33,2017,10,21,Offline,0,0,0,0,Not_Canceled,1
INN00432,2,0,0,2,Meal Plan 1,0,Room_Type 1,24,2018,5,13,Complementary,0,0,0,0,Not_Canceled,1
INN00433,2,0,0,1,Meal Plan 1,0,Room_Type 4,22,2017,9,8,Online,0,0,0,1,Not_Canceled,3
INN00434,2,0,0,3,Meal Plan 1,0,Room_Type 1,10,2017,10,20,Online,0,0,0,1,Not_Canceled,3
INN00435,2,0,0,2,Meal Plan 1,0,Room_Type 1,15,2018,2,16,Online,0,0,0,1,Canceled,2
INN00436,2,0,0,5,Meal Plan 2,0,Room_Type 1,230,2018,9,6,Online,0,0,0,0,Canceled,3
INN00437,2,0,0,4,Meal Plan 1,0,Room_Type 1,54,2018,3,16,Offline,0,0,0,0,Not_Canceled,1
INN00438,2,0,0,1,Meal Plan 1,0,Room_Type 1,45,2017,10,23,Online,0,0,0,0,Not_Canceled,1
INN00439,3,0,1,3,Meal Plan 2,0,Room_Type 4,63,2018,10,24,Online,0,0,0,2,Not_Canceled,3
INN00440,2,0,2,1,Not Selected,0,Room_Type 1,166,2018,8,6,Online,0,0,0,1,Not_Canceled,2
INN00441,2,0,1,4,Meal Plan 1,0,Room_Type 1,148,2018,8,22,Online,0,0,0,0,Canceled,2
INN00442,2,0,2,1,Meal Plan 1,0,Room_Type 1,136,2018,8,13,Online,0,0,0,1,Not_Canceled,2
INN00443,2,0,1,3,Meal Plan 1,0,Room_Type 1,37,2018,3,10,Online,0,0,0,2,Not_Canceled,1
INN00444,2,0,0,4,Meal Plan 1,0,Room_Type 1,66,2018,5,11,Online,0,0,0,1,Not_Canceled,3
INN00445,1,0,0,1,Meal Plan 1,0,Room_Type 1,11,2017,10,23,Offline,0,0,0,0,Not_Canceled,1
INN00446,1,0,0,1,Meal Plan 1,1,Room_Type 1,1,2018,4,1,Corporate,1,0,3,1,Not_Canceled,1
INN00447,2,0,2,2,Meal Plan 1,0,Room_Type 4,7,2018,6,19,Online,0,0,0,1,Not_Canceled,3
INN00448,2,0,0,1,Meal Plan 1,0,Room_Type 1,43,2017,10,13,Offline,0,0,0,0,Not_Canceled,1
INN00449,2,0,3,5,Meal Plan 1,0,Room_Type 4,5,2018,4,4,Online,0,0,0,0,Canceled,3
INN00450,2,0,1,1,Meal Plan 2,0,Room_Type 1,247,2018,6,6,Online,0,0,0,1,Canceled,3
INN00451,2,0,2,1,Not Selected,0,Room_Type 1,24,2018,10,16,Online,0,0,0,1,Canceled,2
INN00452,1,0,0,1,Meal Plan 1,0,Room_Type 1,53,2018,10,14,Offline,0,0,0,0,Not_Canceled,3
INN00453,2,0,2,1,Meal Plan 1,0,Room_Type 1,52,2018,11,19,Online,0,0,0,2,Not_Canceled,2
INN00454,2,0,0,1,Meal Plan 1,0,Room_Type 1,56,2018,6,8,Offline,0,0,0,0,Not_Canceled,3
INN00455,1,0,0,1,Meal Plan 1,0,Room_Type 1,12,2018,6,8,Offline,0,0,0,1,Not_Canceled,2
INN00456,2,0,0,5,Meal Plan 1,0,Room_Type 1,230,2018,9,6,Online,0,0,0,1,Canceled,3
INN00457,2,1,1,3,Meal Plan 1,0,Room_Type 1,92,2018,10,31,Online,0,0,0,1,Canceled,2
INN00458,1,0,0,3,Not Selected,0,Room_Type 1,2,2018,5,31,Online,0,0,0,0,Not_Canceled,2
INN00459,2,0,0,2,Meal Plan 2,0,Room_Type 1,74,2017,9,18,Offline,0,0,0,0,Not_Canceled,2
INN00460,2,0,0,1,Not Selected,0,Room_Type 1,82,2018,6,23,Online,0,0,0,0,Canceled,2
INN00461,1,0,0,3,Meal Plan 1,0,Room_Type 1,37,2018,10,13,Offline,0,0,0,0,Not_Canceled,2
INN00462,2,0,2,2,Meal Plan 1,0,Room_Type 4,147,2018,7,1,Online,0,0,0,2,Not_Canceled,2
INN00463,1,0,0,1,Meal Plan 1,0,Room_Type 1,2,2017,8,26,Corporate,0,0,0,0,Not_Canceled,1
INN00464,2,0,2,6,Meal Plan 1,0,Room_Type 1,166,2018,8,18,Online,0,0,0,0,Canceled,2
INN00465,2,0,1,3,Meal Plan 2,1,Room_Type 1,28,2018,4,11,Online,0,0,0,2,Not_Canceled,3
INN00466,2,0,1,2,Meal Plan 2,0,Room_Type 1,309,2018,5,13,Online,0,0,0,0,Canceled,2
INN00467,2,0,1,3,Meal Plan 2,1,Room_Type 1,54,2018,7,4,Online,0,0,0,0,Not_Canceled,3
INN00468,2,0,1,3,Not Selected,1,Room_Type 1,49,2018,12,8,Online,0,0,0,2,Not_Canceled,1
INN00469,2,1,0,1,Meal Plan 1,1,Room_Type 1,1,2018,6,18,Online,0,0,0,2,Not_Canceled,3
INN00470,2,0,2,1,Meal Plan 1,0,Room_Type 1,0,2017,12,27,Offline,0,0,0,0,Not_Canceled,1
INN00471,2,0,2,1,Meal Plan 2,0,Room_Type 1,4,2017,8,8,Offline,0,0,0,0,Not_Canceled,2
INN00472,2,0,0,4,Meal Plan 1,0,Room_Type 1,60,2017,12,9,Online,0,0,0,1,Not_Canceled,2
INN00473,2,0,0,1,Meal Plan 1,0,Room_Type 1,157,2017,8,14,Online,0,0,0,1,Not_Canceled,1
INN00474,2,0,2,3,Meal Plan 1,0,Room_Type 1,268,2018,4,8,Offline,0,0,0,0,Not_Canceled,1
INN00475,2,0,1,1,Not Selected,0,Room_Type 1,38,2018,9,26,Online,0,0,0,0,Canceled,2
INN00476,2,2,2,1,Meal Plan 1,0,Room_Type 7,30,2018,6,12,Online,0,0,0,0,Canceled,3
INN00477,2,0,0,1,Meal Plan 1,1,Room_Type 1,2,2018,10,11,Online,0,0,0,2,Not_Canceled,3
INN00478,2,0,3,7,Not Selected,0,Room_Type 1,217,2018,12,5,Online,0,0,0,1,Not_Canceled,1
INN00479,2,0,0,3,Meal Plan 1,0,Room_Type 1,143,2018,8,25,Offline,0,0,0,0,Not_Canceled,2
INN00480,2,0,0,3,Not Selected,0,Room_Type 1,179,2018,10,19,Online,0,0,0,2,Not_Canceled,2
INN00481,1,0,0,2,Meal Plan 1,0,Room_Type 1,188,2018,6,15,Online,0,0,0,0,Canceled,3
INN00482,3,0,2,2,Meal Plan 1,0,Room_Type 4,94,2018,7,8,Online,0,0,0,1,Not_Canceled,3
INN00483,1,0,0,2,Meal Plan 1,0,Room_Type 1,32,2017,11,20,Offline,0,0,0,0,Not_Canceled,1
INN00484,3,0,2,2,Meal Plan 1,0,Room_Type 6,2,2018,4,1,Online,0,0,0,2,Not_Canceled,3
INN00485,2,0,0,3,Meal Plan 1,0,Room_Type 1,70,2017,10,22,Online,0,0,0,1,Not_Canceled,2
INN00486,2,0,1,0,Not Selected,0,Room_Type 1,4,2018,9,19,Offline,0,0,0,0,Not_Canceled,1
INN00487,2,0,2,0,Meal Plan 1,0,Room_Type 1,34,2018,2,28,Complementary,0,0,0,1,Not_Canceled,1
INN00488,2,2,0,1,Meal Plan 1,0,Room_Type 2,16,2018,3,8,Online,0,0,0,0,Canceled,1
INN00489,2,0,1,3,Meal Plan 1,0,Room_Type 1,24,2018,2,11,Online,0,0,0,0,Canceled,2
INN00490,2,0,2,2,Not Selected,0,Room_Type 1,78,2018,4,10,Online,0,0,0,1,Not_Canceled,1
INN00491,2,0,1,2,Meal Plan 1,0,Room_Type 1,305,2018,11,4,Online,0,0,0,0,Canceled,2
INN00492,2,0,0,3,Meal Plan 1,0,Room_Type 1,37,2018,10,13,Offline,0,0,0,0,Not_Canceled,2
INN00493,2,0,2,5,Meal Plan 1,0,Room_Type 1,98,2018,4,30,Online,0,0,0,0,Not_Canceled,2
INN00494,2,0,1,3,Meal Plan 1,0,Room_Type 4,14,2018,12,5,Online,0,0,0,0,Not_Canceled,1
INN00495,1,0,0,2,Not Selected,0,Room_Type 1,44,2018,11,23,Online,0,0,0,2,Not_Canceled,1
INN00496,1,0,2,1,Meal Plan 1,0,Room_Type 1,1,2018,2,28,Online,0,0,0,0,Canceled,1
INN00497,2,0,0,3,Meal Plan 1,0,Room_Type 1,213,2018,6,7,Online,0,0,0,0,Canceled,3
INN00498,1,0,1,1,Meal Plan 1,0,Room_Type 1,5,2018,4,4,Online,0,0,0,1,Not_Canceled,2
INN00499,2,0,0,1,Meal Plan 2,0,Room_Type 1,55,2018,4,6,Offline,0,0,0,0,Not_Canceled,2
INN00500,2,0,0,3,Meal Plan 1,0,Room_Type 4,139,2018,2,11,Offline,0,0,0,1,Not_Canceled,1
